Name_raw,Name,Validity,Note,Street,Postal Code,City,Address,Location_latitude,Location_longitude,Category_Name,Website,Contact_Phone,Contact_Email_ID,Contact_Facebook,Contact_Instagram,Opening_Hours_0_day,Opening_Hours_0_hours,Opening_Hours_1_day,Opening_Hours_1_hours,Opening_Hours_2_day,Opening_Hours_2_hours,Opening_Hours_3_day,Opening_Hours_3_hours,Opening_Hours_4_day,Opening_Hours_4_hours,Opening_Hours_5_day,Opening_Hours_5_hours,Opening_Hours_6_day,Opening_Hours_6_hours,permanentlyClosed
Aasamai mandir,Aasamai Mandir,INVALID,,Salzschlirfer Straße 12,60386,Frankfurt-Ost,"Salzschlirfer Straße 12, 60386, Frankfurt-Ost, Germany",50.128963,8.744022,Hindu temple,http://www.aasamaimandir.com/,+49 69 40893860,,,,Monday,10 AM to 5 PM,Tuesday,10 AM to 5 PM,Wednesday,10 AM to 5 PM,Thursday,10 AM to 5 PM,Friday,10 AM to 5 PM,Saturday,10 AM to 5 PM,Sunday,10 AM to 5 PM,FALSE
Agrarservice Taura GbR,Agrarservice Taura Gbr,INVALID,,Köthensdorfer Str. 15,9249,Taura,"Köthensdorfer Str. 15, 9249, Taura, Germany",50.9181299,12.8489187,Hindu temple,,+49 172 8868340,,,,,,,,,,,,,,,,,,FALSE
Arjens Cs2 Palast,Arjens Cs2 Palast,INVALID,,Bethauer Str. 26,4886,Beilrode,"Bethauer Str. 26, 4886, Beilrode, Germany",51.649283,12.9844406,Hindu temple,,,,,,,,,,,,,,,,,,,,FALSE
Atelier,Atelier,INVALID,,Kehrwieder 5,22869,Schenefeld,"Kehrwieder 5, 22869, Schenefeld, Germany",53.6093878,9.8445401,Hindu temple,,+49 40 83019506,,,,,,,,,,,,,,,,,,FALSE
Aura tempel,Aura Tempel,INVALID,,Hahnemannstraße 12,91054,Erlangen,"Hahnemannstraße 12, 91054, Erlangen, Germany",49.6002863,11.030459,Hindu temple,,,,,,,,,,,,,,,,,,,,FALSE
Bhakti Marga Shri Radha Giridhari Temple,Bhakti Marga Shri Radha Giridhari Temple,,,Weinbergstraße 10,63571,Gelnhausen,"Weinbergstraße 10, 63571, Gelnhausen, Germany",50.209397,9.155987,Hindu temple,https://bhaktimarga.de/,+49 61246091125,"rezeption@bmsvd.net, willkommen@bhaktimarga.de, registration@bhaktimarga.org","https://www.facebook.com/ShreePeethaNilaya, https://www.facebook.com/bhaktimargadeutschland","https://www.instagram.com/bhaktimarga_deutschland, https://www.instagram.com/srivitthaldham",Monday,10 AM to 6 PM,Tuesday,10 AM to 6 PM,Wednesday,10 AM to 6 PM,Thursday,10 AM to 6 PM,Friday,10 AM to 6 PM,Saturday,10 AM to 6 PM,Sunday,10 AM to 6 PM,FALSE
Bhakti Marga Sri Vitthal Dham,Bhakti Marga Sri Vitthal Dham,,,Seepark 3,36275,Kirchheim,"Seepark 3, 36275, Kirchheim, Germany",50.817826,9.522003,Hindu temple,https://bhaktimarga.de/ashram-sri-vitthal-dham/,+49 61246091125,"rezeption@bmsvd.net, willkommen@bhaktimarga.de, registration@bhaktimarga.org","https://www.facebook.com/ShreePeethaNilaya, https://www.facebook.com/bhaktimargadeutschland","https://www.instagram.com/bhaktimarga_deutschland, https://www.instagram.com/srivitthaldham",Monday,7 AM to 8 PM,Tuesday,7 AM to 8 PM,Wednesday,7 AM to 8 PM,Thursday,7 AM to 8 PM,Friday,7 AM to 8 PM,Saturday,8:30 AM to 8 PM,Sunday,8:30 AM to 8 PM,FALSE
Blasius,Blasius,INVALID,,Admonter Ring 8,35415,Pohlheim,"Admonter Ring 8, 35415, Pohlheim, Germany",50.5338253,8.754138,Hindu temple,,,,,,,,,,,,,,,,,,,,FALSE
Bremen Sri Sivasakthikumaran Tempel e. V.,Sri Sivasakthikumaran Tempel e.V.,UNSURE,,Oyterdamm 55,28876,Oyten,"Oyterdamm 55, 28876, Oyten, Germany",53.0592622,8.976355,Hindu temple,,+49 421 4099725,,,,Monday,Open 24 hours,Tuesday,Open 24 hours,Wednesday,Open 24 hours,Thursday,Open 24 hours,Friday,Open 24 hours,Saturday,Open 24 hours,Sunday,Open 24 hours,FALSE
Bundeshaus Schmalzgasse 5,Bundeshaus Schmalzgasse 5,INVALID,,Schmalzgasse 5 5,73630,Remshalden,"Schmalzgasse 5 5, 73630, Remshalden, Germany",48.8108503,9.4419604,Hindu temple,,+49 7151 9948363,,,,Monday,Open 24 hours,Tuesday,Open 24 hours,Wednesday,Open 24 hours,Thursday,Open 24 hours,Friday,Open 24 hours,Saturday,Open 24 hours,Sunday,Closed,FALSE
Caf,Caf,INVALID,,Frauenried 16,71638,Ludwigsburg,"Frauenried 16, 71638, Ludwigsburg, Germany",48.8786973,9.2191017,Hindu temple,,,,,,,,,,,,,,,,,,,,FALSE
Chetna Shakti Mandir,Chetna Shakti Mandir,,,Steinstraße 12,45128,Essen,"Steinstraße 12, 45128, Essen, Germany",51.446187,7.015777,Hindu temple,https://www.instagram.com/chetnashakti_mandir/,,,,https://www.instagram.com/chetnashakti_mandir/,,,,,,,,,,,,,,,FALSE
Cultural association Afghan Hindus in Germany E.V,Cultural Association Afghan Hindus In Germany e.V.,INVALID,,Burggrafenstraße 10,45139,Essen,"Burggrafenstraße 10, 45139, Essen, Germany",51.46222,7.02891,Hindu temple,,+49 201 2487220,,,,Monday,"10 AM to 12 PM, 3 to 6 PM",Tuesday,"10 AM to 12 PM, 3 to 6 PM",Wednesday,"10 AM to 12 PM, 3 to 6 PM",Thursday,"10 AM to 12 PM, 3 to 6 PM",Friday,"10 AM to 12 PM, 3 to 6 PM",Saturday,3 to 6 PM,Sunday,10 AM to 6 PM,FALSE
Die WG,Die Wg,INVALID,,Fuststraße 15,55116,Mainz,"Fuststraße 15, 55116, Mainz, Germany",49.9993938,8.270055,Hindu temple,,,,,,,,,,,,,,,,,,,,FALSE
Dommert und Werner Handels + Dienstleistungs UG haftungsbeschränkt,Dommert Und Werner Handels + Dienstleistungs Ug Haftungsbeschränkt,INVALID,,Kleine Weihergärten 4,35619,Braunfels,"Kleine Weihergärten 4, 35619, Braunfels, Germany",50.50442,8.42742,Hindu temple,,+49 6442 927670,,,,,,,,,,,,,,,,,,FALSE
Ganesha Tempel Bad Meinberg,Ganesha Tempel Bad Meinberg,,,Yogaweg 1,32805,Horn-Bad Meinberg,"Yogaweg 1, 32805, Horn-Bad Meinberg, Germany",51.900169,8.991173,Hindu temple,https://www.yoga-vidya.de/,+49 5234 870,badmeinberg@yoga-vidya.de,https://www.facebook.com/YogaVidya,https://www.instagram.com/yogavidya_de,,,,,,,,,,,,,,,FALSE
"Ganesh Temple Frankfurt am Main
(Sri Katpaka Vinayagar Temple Frankfurt )","Ganesha Temple
(Sri Katpaka Vinayagar Temple)",,,Intzestraße 26,60314,Frankfurt am Main,"Intzestraße 26, 60314, Frankfurt am Main, Germany",50.114758,8.729863,Hindu temple,,+49 6948001800,sasikaran23@gmail.com,https://www.facebook.com/SriKatpakaVinayagarTempleFrankfurt/,,Monday,6 PM to 7 PM,Tuesday,6 PM to 7 PM,Wednesday,6 PM to 7 PM,Thursday,6 PM to 7 PM,Friday,6 PM to 7 PM,Saturday,6 PM to 7.30 PM,Sunday,6 PM to 7.30 PM,FALSE
Goloka Dhama club e.V.,Goloka Dhama Club e.V.,,,Böckingstraße 4A,55767,Abentheuer,"Böckingstraße 4A, 55767, Abentheuer, Germany",49.660795,7.08701,Hindu temple,https://www.goloka-dhama.de/english/,+49 6782 2214,,https://www.facebook.com/GolokaDhama,https://www.instagram.com/golokadhama,Monday,4:30 AM to 7:30 PM,Tuesday,4:30 AM to 7:30 PM,Wednesday,4:30 AM to 7:30 PM,Thursday,4:30 AM to 7:30 PM,Friday,4:30 AM to 7:30 PM,Saturday,4:30 AM to 7:30 PM,Sunday,4:30 AM to 7:30 PM,FALSE
Großsteinberg Ortschronist,Großsteinberg Ortschronist,INVALID,,Nordstraße 1a,4668,Parthenstein,"Nordstraße 1a, 4668, Parthenstein, Germany",51.253193,12.6348457,Hindu temple,http://steynberc.de/,,chronik@steynberc.de,,,,,,,,,,,,,,,,,FALSE
Hanuman Mandir,Hanuman Mandir,,a part of Bhakthi Marg,Am Geisberg 2,65321,Heidenrod,"Am Geisberg 2, 65321, Heidenrod, Germany",50.144714,7.991925,Hindu temple,https://www.bhaktimarga.org/,+49 61246091125,"rezeption@bmsvd.net, willkommen@bhaktimarga.de, registration@bhaktimarga.org","https://www.facebook.com/ShreePeethaNilaya, https://www.facebook.com/bhaktimargadeutschland","https://www.instagram.com/bhaktimarga_deutschland, https://www.instagram.com/srivitthaldham",Monday,7 AM to 9 PM,Tuesday,7 AM to 9 PM,Wednesday,7 AM to 9 PM,Thursday,7 AM to 9 PM,Friday,7 AM to 9 PM,Saturday,7 AM to 9 PM,Sunday,7 AM to 9 PM,FALSE
Hari om Mandir,Hari Om Mandir,,,Wikingerstraße 62,51107,Köln-Kalk,"Wikingerstraße 62, 51107, Köln-Kalk, Germany",50.91836,7.070601,Hindu temple,http://www.ahg-koeln.de/,+49 221 8300009,info@ahg-koeln.de,https://www.facebook.com/mandirkoeln/?locale=de_DE,,Monday,10 AM to 6 PM,Tuesday,10 AM to 6 PM,Wednesday,1 PM to 6 PM,Thursday,Closed,Friday,1 PM to 6 PM,Saturday,Closed,Sunday,10 AM to 6 PM,FALSE
Hari Om Mandir,Hari Om Mandir,,,Bunsenstraße 200,34127,Kassel,"Bunsenstraße 200, 34127, Kassel, Germany",51.341844,9.482048,Hindu temple,,,,https://www.facebook.com/hariommandir.kassel/,,Monday,Closed,Tuesday,Closed,Wednesday,Closed,Thursday,Closed,Friday,Closed,Saturday,Closed,Sunday,12 PM to 6 PM,FALSE
Hari Om Mandir Frankfurt (HCC e.V.),Hari Om Mandir (Hcc e.V.),,,Morsestraße 32,60486,Frankfurt am Main,"Morsestraße 32, 60486, Frankfurt am Main, Germany",50.119564,8.625398,Hindu temple,https://hariommandirfrankfurt.com/,+49 177 2795436,,,,Monday,10 AM to 7 PM,Tuesday,10 AM to 7 PM,Wednesday,10 AM to 7 PM,Thursday,10 AM to 7 PM,Friday,10 AM to 7 PM,Saturday,10 AM to 7 PM,Sunday,11 AM to 7 PM,FALSE
Hari Om Temple,Hari Om Temple,,"Open only on Sundays, 
12:30 PM kirtan
14:30 PM Aarti",Kästlenstraße 32,81827,Munich,"Kästlenstraße 32, 81827, Munich, Germany",48.115177,11.695007,Hindu temple,https://hariomtemple.de/,"+49 17637543499
+49 17626648218",,https://www.facebook.com/Rajkharabanda/,,Monday,Closed,Tuesday,Closed,Wednesday,Closed,Thursday,Closed,Friday,Closed,Saturday,Closed,Sunday,11 AM to 4:30 PM,FALSE
Heilbronn Kanthasamy Kovil e. V.,Heilbronn Kanthasamy Kovil e.V.,,,Siemensstraße 11,74177,Bad Friedrichshall,"Siemensstraße 11, 74177, Bad Friedrichshall, Germany",49.235585,9.217652,Hindu temple,,07136 2706244,heilbronn.kanthasamykovil@gmail.com,https://www.facebook.com/p/Heilbronn-Kanthasamy-Kovil-eV-61550953688014/,,Monday,5 PM to 7 PM,Tuesday,5 PM to 8 PM,Wednesday,5 PM to 6 PM,Thursday,5 PM to 6 PM,Friday,5 PM to 8 PM,Saturday,5 PM to 6 PM,Sunday,5 PM to 6 PM,FALSE
Heiliger Tempel des Manus,Heiliger Tempel Des Manus,UNSURE,,Mühlenstraße 180,45473,Mülheim,"Mühlenstraße 180, 45473, Mülheim, Germany",51.4517778,6.9001424,Hindu temple,,,,,,,,,,,,,,,,,,,,FALSE
Hindu Mandir Lübeck,Hindu Mandir,,,Brolingstraße 51,23554,Lübeck,"Brolingstraße 51, 23554, Lübeck, Germany",53.877785,10.675355,Hindu temple,,+49 172 8949915,,,,Monday,11 AM to 3 PM,Tuesday,Closed,Wednesday,Closed,Thursday,Closed,Friday,Closed,Saturday,11 AM to 3 PM,Sunday,10:30 AM to 5 PM,FALSE
Hindu Temple Hamburg,Hindu Temple,,,Billstraße 77,20539,Hamburg,"Billstraße 77, 20539, Hamburg, Germany",53.54148,10.04031,Hindu temple,https://www.hindutempel.eu/,+49 40 78079292,"info@hindutempel.eu, vorstand@hindutempel.eu, hindutempelhamburg@gmx.de",,,Monday,10 AM to 6 PM,Tuesday,10 AM to 6 PM,Wednesday,10 AM to 6 PM,Thursday,10 AM to 6 PM,Friday,10 AM to 6 PM,Saturday,10 AM to 6 PM,Sunday,10 AM to 6 PM,FALSE
Hindugemeinde e.V.,Hindugemeinde e.V.,,,Kopenhagener Straße 34,13407,Berlin,"Kopenhagener Straße 34, 13407, Berlin, Germany",52.576555,13.360951,Hindu temple,http://www.hindu-gemeinde.de/,+49 30 28096894,,,,Monday,8 AM to 5 PM,Tuesday,8 AM to 5 PM,Wednesday,8 AM to 5 PM,Thursday,8 AM to 5 PM,Friday,8 AM to 5 PM,Saturday,8 AM to 5 PM,Sunday,Closed,FALSE
Hindu-Tempel,Hindu-Tempel,INVALID,,Lettestraße 6,10437,Berlin,"Lettestraße 6, 10437, Berlin, Germany",52.5435262,13.4190907,Hindu temple,,,,,,,,,,,,,,,,,,,,FALSE
ISKCON Bad Oeynhausen,Iskcon,,,Zur Lutternschen Egge 85,32549,Bad Oeynhausen,"Zur Lutternschen Egge 85, 32549, Bad Oeynhausen, Germany",52.259404,8.80488,Hindu temple,https://govardhanadesh.de/,+49 176 58880236,kontakt@govardhanadesh.de,"https://www.facebook.com/IskconBadOeynhausen, https://www.facebook.com/iskconBadOeynhausen",,Monday,Closed,Tuesday,Closed,Wednesday,Closed,Thursday,Closed,Friday,Closed,Saturday,Closed,Sunday,12:30 PM to 6 PM,FALSE
ISKCON Wiesbaden,Iskcon,,,Aarstraße 8,65329,Hohenstein,"Aarstraße 8, 65329, Hohenstein, Germany",50.197593,8.057995,Religious organization,http://iskconwiesbaden.de/,+49 6120 904107,"iskcon.wiesbaden@gmail.com, iskconwiesbaden@pamho.net","facebook.com/HariNamaDesh, https://www.facebook.com/HariNamaDesh",https://www.instagram.com/iskcon.wiesbaden,Monday,Closed,Tuesday,Closed,Wednesday,Closed,Thursday,Closed,Friday,Closed,Saturday,3 PM to 8 PM,Sunday,Closed,FALSE
ISKCON Koln e.V. Bhakti Yoga Zentrum Gauradesh,Iskcon e.V. Bhakti Yoga Zentrum Gauradesh,,,Taunusstraße 40,51105,Köln-Kalk,"Taunusstraße 40, 51105, Köln-Kalk, Germany",50.931733,6.99622,Hindu temple,http://www.gauradesh.com/,+49 178 9213621,kontakt@gauradesh.com,https://www.facebook.com/BhaktiYogaZentrumGauradesh,,Monday,7 AM to 7 PM,Tuesday,7 AM to 7 PM,Wednesday,7 AM to 7 PM,Thursday,7 AM to 7 PM,Friday,7 AM to 7 PM,Saturday,7 AM to 7 PM,Sunday,7 AM to 7 PM,FALSE
ISKCON Jandelsbrunn Simhachalam Temple,Iskcon Simhachalam Temple,,,Zielberg 20,94118,Jandelsbrunn,"Zielberg 20, 94118, Jandelsbrunn, Germany",48.743048,13.706136,Hindu temple,http://www.simhachalam.de/,+49 8583 316,"info@simhachalam.de, reservation.simhachalam@gmail.com",facebook.com/Simhachalam.de,https://www.instagram.com/simhachalam.de,Monday,4:30 AM to 7 PM,Tuesday,4:30 AM to 7 PM,Wednesday,4:30 AM to 7 PM,Thursday,4:30 AM to 7 PM,Friday,4:30 AM to 7 PM,Saturday,4:30 AM to 7 PM,Sunday,4:30 AM to 7 PM,FALSE
ISKCON Temple Offenbach,Iskcon Temple,,,Kaiserstraße 26,63065,Offenbach,"Kaiserstraße 26, 63065, Offenbach, Germany",50.102967,8.759197,Hindu temple,https://iskcon-frankfurt.de/,+49 1523 3648790,info@iskcon-frankfurt.de,https://www.facebook.com/iskcon.offenbach,https://www.instagram.com/iskcon_offenbach_frankfurt,Monday,Closed,Tuesday,Closed,Wednesday,Closed,Thursday,Closed,Friday,Closed,Saturday,Closed,Sunday,10 AM to 5 PM,FALSE
Jagannatha Temple ISKCON,Jagannatha Temple Iskcon,,,Berliner Allee 209,13088,Berlin,"Berliner Allee 209, 13088, Berlin, Germany",52.55691,13.466564,Hindu temple,http://tempelberlin.de/,,,,,Monday,Closed,Tuesday,Closed,Wednesday,6:30 to 8 PM,Thursday,Closed,Friday,Closed,Saturday,"7:30 to 10 AM, 2 to 7 PM",Sunday,7:30 AM to 10 AM,FALSE
Jyoti Maiyya Hindu Temple,Jyoti Maiyya Hindu Temple,,,Volksparkstraße 81,22525,Hamburg,"Volksparkstraße 81, 22525, Hamburg, Germany",53.58979,9.91881,Hindu temple,https://www.jyoti-maiyya-tempel.de/index.php, 040- 65916050,info@jyoti-maiyya-tempel.de,,,Monday,12 PM to 6 PM,Tuesday,12 PM to 6 PM,Wednesday,Closed,Thursday,12 PM to 6 PM,Friday,12 PM to 6 PM,Saturday,Closed,Sunday,12 PM to 6 PM,
Kadir telponent,Kadir Telponent,INVALID,,Fischelner Weg 34,41169,M. Gladbach,"Fischelner Weg 34, 41169, M. Gladbach, Germany",51.2055964,6.3326076,Hindu temple,,,,,,,,,,,,,,,,,,,,FALSE
Kamakshi Ambal Temple,Kamakshi Ambal Temple,,,Siegenbeckstraße 4-5,59071,Hamm,"Siegenbeckstraße 4-5, 59071, Hamm, Germany",51.687127,7.950987,Hindu temple,http://www.hinduistische-gemeinde-deutschland.de/,+49 2388 302223,info@hinduistische-gemeinde-deutschland.de,https://www.facebook.com/HammHinduTempel/,,Monday,"8 AM to 1 PM, 5 PM to 7 PM",Tuesday,"8 AM to 1 PM, 5 PM to 7 PM",Wednesday,"8 AM to 1 PM, 5 PM to 7 PM",Thursday,"8 AM to 1 PM, 5 PM to 7 PM",Friday,"8 AM to 1 PM, 5 PM to 7 PM",Saturday,"8 AM to 1 PM, 5 PM to 7 PM",Sunday,"8 AM to 1 PM, 5 PM to 7 PM",FALSE
Kanaka Durga temple,Kanaka Durga Temple,,,Gerberstraße 15,73230,Kirchheim unter Teck,"Gerberstraße 15, 73230, Kirchheim unter Teck, Germany",48.647688,9.447959,Hindu temple,,+49 02304 16721,,,,,,,,,,,,,,,,,,FALSE
Kochel am See,Kochel Am See,INVALID,,,,Kochel,"Kochel, Germany",47.6613886,11.3578892,Hindu temple,,Read more at: https://shaivam.org/temples-of-lord-shiva/hindu-temples-of-germany-hindu-kirchen-in-deutschland/#gsc.tab=0,,,,Monday,Open 24 hours,Tuesday,Open 24 hours,Wednesday,Open 24 hours,Thursday,Open 24 hours,Friday,Open 24 hours,Saturday,Open 24 hours,Sunday,Open 24 hours,FALSE
Kreuzung zum Glück,Kreuzung Zum Glück,INVALID,,Seeannerwiese 6,84036,Kumhausen,"Seeannerwiese 6, 84036, Kumhausen, Germany",48.4902533,12.1902716,Hindu temple,,,,,,,,,,,,,,,,,,,,TRUE
Krishna Temple leipzig,Krishna Temple,,Open only during events (updated on their website),Merseburger Straße 95,4177,Leipzig,"Merseburger Straße 95, 04177, Leipzig, Germany",51.33691,12.32794,Hindu temple,https://www.facebook.com/krishna.tempel.leipzig,,office@krishna-tempel-leipzig.de,https://www.facebook.com/krishna.tempel.leipzig,,Monday,Closed,Tuesday,Closed,Wednesday,Closed,Thursday,Closed,Friday,Closed,Saturday,3 PM to 7:30 PM,Sunday,Closed,FALSE
Krishna Temple ISKCON Munich,Krishna Temple Iskcon,,,Ostring 7,85614,Munich,"Ostring 7, 85614, Munich, Germany",48.081529,11.864991,Hindu temple,http://www.iskcon-muenchen.de/,+49 8091 5553504,info@iskcon-muenchen.de,https://www.facebook.com/iskconmuenchen,,Monday,"4:30 AM to 10 AM, 6:30 PM to 7:30 PM",Tuesday,"4:30 AM to 10 AM, 6:30 PM to 7:30 PM",Wednesday,"4:30 AM to 10 AM, 6:30 PM to 7:30 PM",Thursday,"4:30 AM to 10 AM, 6:30 PM to 7:30 PM",Friday,"4:30 AM to 10 AM, 6:30 PM to 7:30 PM",Saturday,"4:30 AM to 10 AM, 6:30 PM to 7:30 PM",Sunday,4:30 AM to 7:30 PM,FALSE
Kurinchikkumaran Temple und Kulturzentrum e.V.,Kurinchikkumaran Temple Und Kulturzentrum e.V.,,,Industriestraße 7,51643,Gummersbach,"Industriestraße 7, 51643, Gummersbach, Germany",51.022472,7.57301,Hindu temple,http://www.kurinchi.com/,+49 2261 5015964,info@kurinchi.com,https://www.facebook.com/srikurinchikumarantempel,,Monday,"10 AM to 1 PM, 6 PM to 8 PM",Tuesday,"10 AM to 1 PM, 6 PM to 8 PM",Wednesday,"10 AM to 1 PM, 6 PM to 8 PM",Thursday,"10 AM to 1 PM, 6 PM to 8 PM",Friday,"10 AM to 1 PM, 6 PM to 8 PM",Saturday,"10 AM to 1 PM, 6 PM to 8 PM",Sunday,"10 AM to 1 PM, 6 PM to 8 PM",FALSE
Lasse Korn,Lasse Korn,INVALID,,Bahnhofstraße 6B,64665,Alsbach-Hähnlein,"Bahnhofstraße 6B, 64665, Alsbach-Hähnlein, Germany",49.740453,8.6211925,Hindu temple,http://www.drneumayr.de/,,,,,,,,,,,,,,,,,,,TRUE
Lord Shree Jagannatha Chaturdha Murti(SJSG) at Sivaalayam Temple,Lord Shree Jagannatha Chaturdha Murti(Sjsg) At Sivaalayam Temple,,,Bodenseestraße 228,81243,Munich,"Bodenseestraße 228, 81243, Munich, Germany",48.143308,11.42529,Hindu temple,https://sivaalayam.org/,+49 17623593271,info@sivaalayam.de,,,Monday,"8 AM to 10 AM, 6 PM to 8 PM",Tuesday,"8 AM to 10 AM, 6 PM to 8 PM",Wednesday,"8 AM to 10 AM, 6 PM to 8 PM",Thursday,"8 AM to 10 AM, 6 PM to 8 PM",Friday,"8 AM to 10 AM, 6 PM to 8 PM",Saturday,"8 AM to 10 AM, 6 PM to 8 PM",Sunday,"8 AM to 10 AM, 6 PM to 8 PM",FALSE
Lünsberg Labradore,Lünsberg Labradore,UNSURE,,Ostendorfer Str. 16 a,46342,Velen,"Ostendorfer Str. 16 a, 46342, Velen, Germany",51.88423,6.91945,Hindu temple,http://luensberger-labradore.de/,+49 2863 9240967,ca-stovermann@t-online.de,,,,,,,,,,,,,,,,,FALSE
Manawa Bharti Temple,Manawa Bharti Temple,,,Lenaustraße 1,40470,Düsseldorf,"Lenaustraße 1, 40470, Düsseldorf, Germany",51.25186,6.822001,Hindu temple,http://www.manawabhartitemple.com/,+49 211 288492,info@manawabhartitemple.com,,https://instagram.com/manawabhartitemple,Monday,"9 AM to 12 PM, 5 PM to 7 PM",Tuesday,"9 AM to 12 PM, 5 PM to 7 PM",Wednesday,"9 AM to 12 PM, 5 PM to 7 PM",Thursday,"9 AM to 12 PM, 5 PM to 7 PM",Friday,"9 AM to 12 PM, 5 PM to 7 PM",Saturday,"9 AM to 12 PM, 5 PM to 7 PM",Sunday,"9 AM to 12 PM, 5 PM to 7 PM",FALSE
Marxdorfer-Wolfshunde Club e.V.,Marxdorfer-Wolfshunde Club e.V.,INVALID,,Senftenberger Str. 9,3103,Neu-Seeland,"Senftenberger Str. 9, 3103, Neu-Seeland, Germany",51.6052968,14.1289384,Hindu temple,,,,,,Monday,Closed,Tuesday,Closed,Wednesday,Closed,Thursday,Closed,Friday,Closed,Saturday,9 AM to 8 PM,Sunday,9 AM to 8 PM,FALSE
Murugan Temple,Murugan Temple,,,Blaschkoallee 48,12359,Berlin,"Blaschkoallee 48, 12359, Berlin, Germany",52.452752,13.444693,Hindu temple,http://blog.mayurapathy-murugan-berlin.com/,+49 30 6946900,,,,Monday,"7:30 AM to 12:30 PM, 4:30 PM to 7:30 PM",Tuesday,"7:30 AM to 12:30 PM, 4:30 PM to 7:30 PM",Wednesday,"7:30 AM to 12:30 PM, 4:30 PM to 7:30 PM",Thursday,"7:30 AM to 12:30 PM, 4:30 PM to 7:30 PM",Friday,"7:30 AM to 12:30 PM, 4:30 PM to 7:30 PM",Saturday,"7:30 AM to 12:30 PM, 4:30 PM to 7:30 PM",Sunday,"7:30 AM to 12:30 PM, 4:30 PM to 7:30 PM",FALSE
Mülheim Muthukumaraswamy Temple,Muthukumaraswamy Temple,,,Weselerstraße 120,45478,Mülheim an der Ruhr,"Weselerstraße 120, 45478, Mülheim an der Ruhr, Germany",51.435323,6.820412,Hindu temple,,+49 17645699356,,https://www.facebook.com/muthukumarasamyalayam.mulheim/,,,,,,,,,,,,,,,,
MUTHUMARIAMMAN TEMPLE,Muthumariamman Temple,,,Carl-Buderus-Straße 3A,30455,Hanover,"Carl-Buderus-Straße 3A, 30455, Hanover, Germany",52.350056,9.658169,Hindu temple,http://www.hindu-tempel-hannover.de/,+49 511 471149,kontakt@hindu-tempel-hannover.de,https://www.facebook.com/people/Hindu-Tempel-Hannover/61568839715989/#,http://instagram.com/hindu.tempel.hannover,Monday,"11 AM to 1 PM, 5 PM to 8 PM",Tuesday,"11 AM to 1 PM, 5 PM to 8 PM",Wednesday,"11 AM to 1 PM, 5 PM to 8 PM",Thursday,"11 AM to 1 PM, 5 PM to 8 PM",Friday,"11 AM to 1 PM, 5 PM to 8 PM",Saturday,"11 AM to 1 PM, 5 PM to 8 PM",Sunday,"11 AM to 1 PM, 5 PM to 8 PM",FALSE
Nagapooshani Ambaal Temple,Nagapooshani Ambaal Temple,,,Schlitzer Straße 4,60386,Frankfurt-Ost,"Schlitzer Straße 4, 60386, Frankfurt-Ost, Germany",50.12963,8.747958,Hindu temple,http://www.ammankovil.de/,+49 69 97945618,,,,Monday,6:30 PM to 8 PM,Tuesday,6:30 PM to 8 PM,Wednesday,6:30 PM to 8 PM,Thursday,6:30 PM to 8 PM,Friday,6:30 PM to 8 PM,Saturday,6:30 PM to 8 PM,Sunday,6:30 PM to 8 PM,FALSE
Narasimha Temple - Bhutabhrteshwarnath,Narasimha Temple (Bhutabhrteshwarnath),,,Am Geisberg 3,65321,Heidenrod,"Am Geisberg 3, 65321, Heidenrod, Germany",50.143719,7.992381,Hindu temple,https://www.instagram.com/bhutabhrteshwarnathmandir/?hl=en,+49 178 3204824,,,https://www.instagram.com/bhutabhrteshwarnathmandir/?hl=en,Monday,7 AM to 8 PM,Tuesday,7 AM to 8 PM,Wednesday,7 AM to 8 PM,Thursday,7 AM to 8 PM,Friday,7 AM to 8 PM,Saturday,7 AM to 8 PM,Sunday,7 AM to 8 PM,FALSE
Ohm Nava Sakthi Ambal Alayam,Ohm Nava Sakthi Ambal Alayam,,,Hohenhorst 98,48341,Altenberge,"Hohenhorst 98, 48341, Altenberge, Germany",52.017071,7.522467,Hindu temple,,+49 2509 386450,,,,Monday,Closed,Tuesday,6 PM to 7 PM,Wednesday,Closed,Thursday,Closed,Friday,Closed,Saturday,Closed,Sunday,Closed,FALSE
Radha Govinda Temple in Berlin,Radha Govinda Temple,,,Kopenhagener Straße 34,13407,Berlin,"Kopenhagener Straße 34, 13407, Berlin, Germany",52.576555,13.360951,Hindu temple,http://radha-govinda-tempel.com/,+49 30 238 88 397,kontakt@radha-govinda-tempel.com,https://www.facebook.com/Radha.Govinda.Tempel.Berlin,,Monday,6 AM to 7 PM,Tuesday,6 AM to 7 PM,Wednesday,6 AM to 7 PM,Thursday,6 AM to 7 PM,Friday,6 AM to 7 PM,Saturday,6 AM to 7 PM,Sunday,6 AM to 7 PM,FALSE
Psychotherapie,Psychotherapie,INVALID,,Am Breul 2,61184,Karben,"Am Breul 2, 61184, Karben, Germany",50.2314885,8.7667631,Hindu temple,,+49 6039 404040,,,,Monday,Closed,Tuesday,Closed,Wednesday,Closed,Thursday,Closed,Friday,Closed,Saturday,Open 24 hours,Sunday,Open 24 hours,FALSE
Pura Tri Hita Karana,Pura Tri Hita Karana,INVALID,,Eisenacher Str. 100,12685,Berlin,"Eisenacher Str. 100, 12685, Berlin, Germany",52.5394404,13.5776743,Hindu temple,,,,,,,,,,,,,,,,,,,,FALSE
Rheineechchuram Shivaistischer Hindu-Tempel,Rheineechchuram Shivaistischer Hindu Temple,,,Haselweg 13,48429,Rheine,"Haselweg 13, 48429, Rheine, Germany",52.303979,7.456314,Hindu temple,,"+49 17679878458
+49 1525 4163657",,https://www.facebook.com/people/%E0%AE%87%E0%AE%B1%E0%AF%88%E0%AE%A9%E0%AF%80%E0%AE%9A%E0%AF%8D%E0%AE%9A%E0%AF%81%E0%AE%B0%E0%AE%AE%E0%AF%8D-%E0%AE%9A%E0%AE%BF%E0%AE%B5%E0%AE%A9%E0%AF%8D%E0%AE%95%E0%AF%8B%E0%AE%AF%E0%AE%BF%E0%AE%B2%E0%AF%8D-%E0%AE%87%E0%AE%B1%E0%AF%88%E0%AE%A9%E0%AF%87-Rheineechchuram-Sivan-Tempel-Rheine/100071917157813/,,,,,,,,,,,,,,,,
"Shirdi Sai Baba Temple Frankfurt, Germany ( private )",Shirdi Sai Baba Temple,,,Anton-Burger-Weg 44,60599,Frankfurt-Süd,"Anton-Burger-Weg 44, 60599, Frankfurt-Süd, Germany",50.089232,8.705105,Hindu temple,http://shirdisaibabatemple-frankfurtgermany.com/,+49 69 68600058,,,,Monday,Closed,Tuesday,Closed,Wednesday,Closed,Thursday,7 PM to 8 PM,Friday,Closed,Saturday,5 PM to 7 PM,Sunday,Closed,FALSE
Rolf,Rolf,INVALID,,Rötelstraße 20,74172,Neckarsulm,"Rötelstraße 20, 74172, Neckarsulm, Germany",49.1788257,9.2192594,Hindu temple,,,,,,,,,,,,,,,,,,,,FALSE
Shri Sithi Vinayagar Tempel e.V.,Shri Sithi Vinayagar Tempel e.V.,,,Schaffhauser Straße 173,78224,Singen,"Schaffhauser Straße 173, 78224, Singen, Germany",47.753215,8.818735,Hindu temple,http://www.singenvinayagar.com/,+49 176 13638011,mail@Singenvinayagar.com,http://Facebook.com/SingenVinayagar,https://www.instagram.com/singenshrisithivinayagar,Monday,6 PM to 7 PM,Tuesday,5 PM to 8 PM,Wednesday,6 PM to 7 PM,Thursday,6 PM to 7 PM,Friday,5 PM to 8 PM,Saturday,6 PM to 7 PM,Sunday,6 PM to 7 PM,FALSE
Shri Thenupurisvarar Temple Ravensburg,Shri Thenupurisvarar Temple,,,Argonnenstraße 9,88250,Weingarten,"Argonnenstraße 9, 88250, Weingarten, Germany",47.814541,9.637282,Hindu temple,https://www.instagram.com/shivankovil.rv?igsh=MXUzb3RsbWcxNmhrcQ==,+49 160 6350651,,,,Monday,6 PM to 9 PM,Tuesday,6 PM to 9 PM,Wednesday,6 PM to 9 PM,Thursday,6 PM to 9 PM,Friday,6 PM to 9 PM,Saturday,6 PM to 9 PM,Sunday,6 PM to 9 PM,FALSE
Sivaalayam,Sivaalayam,,,Bodenseestraße 228,81243,Munich,"Bodenseestraße 228, 81243, Munich, Germany",48.143525,11.425042,Hindu temple,http://sivaalayam.org/,+49 1573 8166156,,,https://www.instagram.com/sivaalayam,Monday,"8 AM to 10 AM, 6 PM to 8 PM",Tuesday,"8 AM to 10 AM, 6 PM to 8 PM",Wednesday,"8 AM to 10 AM, 6 PM to 8 PM",Thursday,"8 AM to 10 AM, 6 PM to 8 PM",Friday,"8 AM to 10 AM, 6 PM to 8 PM",Saturday,"8 AM to 10 AM, 6 PM to 8 PM",Sunday,"8 AM to 10 AM, 6 PM to 8 PM",FALSE
Sivan Temple Dortmund e.V. Hindu Temple Dortmund Germany,Sivan Temple Dortmund e.V. Hindu Temple,,,Kieferstraße 24,44225,Hombruch,"Kieferstraße 24, 44225, Hombruch, Germany",51.472321,7.433276,Hindu temple,http://www.sivantempel-dortmund.de/,+49 231 72515165,info@sivantempel-dortmund.de,https://www.facebook.com/SivanTempel.de,https://www.instagram.com/sivan_tempeldortmund,,,,,,,,,,,,,,,FALSE
Sri Bala Murugan Temple,Sri Bala Murugan Temple,,,Benzstraße 7,71701,Schwieberdingen,"Benzstraße 7, 71701, Schwieberdingen, Germany",48.88071,9.078295,Hindu temple,,+49 163 9677709,,,,Monday,6 PM to 8:30 PM,Tuesday,6 PM to 8:30 PM,Wednesday,6 PM to 8:30 PM,Thursday,6 PM to 8:30 PM,Friday,6 PM to 8:30 PM,Saturday,6 PM to 8:30 PM,Sunday,6 PM to 8:30 PM,FALSE
Sri Durgaparameshwari Temple,Sri Durgaparameshwari Temple,,,Alleenstraße 18,73230,Kirchheim unter Teck,"Alleenstraße 18, 73230, Kirchheim unter Teck, Germany",48.647438,9.448032,Hindu temple,https://www.hinduistische-gemeinde-deutschland.de/,+49 7021 8074399,info@hinduistische-gemeinde-deutschland.de,,,Monday,Closed,Tuesday,6 PM to 9 PM,Wednesday,Closed,Thursday,Closed,Friday,6 PM to 9 PM,Saturday,Closed,Sunday,Closed,FALSE
Sri Ganesh Hindu Gemeinde e.V.,Sri Ganesh Hindu Gemeinde e.V.,,,Alter Damm 15,30419,Hanover,"Alter Damm 15, 30419, Hanover, Germany",52.428013,9.651292,Hindu temple,http://www.ganeshtemplehannover.de/,+49 174 7770661,"k.kurukkal@t-online.de, info@amman-tempel-hannover.de",https://www.facebook.com/pages/category/Community/Navasakthi-Ganapathi-Temple-Hannover-1467655600193237,,Monday,6 PM to 7:30 PM,Tuesday,6 PM to 7:30 PM,Wednesday,6 PM to 7:30 PM,Thursday,6 PM to 7:30 PM,Friday,6 PM to 8 PM,Saturday,6 PM to 7:30 PM,Sunday,6 PM to 7:30 PM,FALSE
Sri Ganesha Hindu Tempel e.V.,Sri Ganesha Hindu Tempel e.V.,,,Hasenheide 106,10967,Berlin,"Hasenheide 106, 10967, Berlin, Germany",52.486768,13.42079,Hindu temple,https://www.hindutempleberlin.de/,+49 1511 9311085,info@hindutempleberlin.de,https://www.facebook.com/SGHTBERLIN/,,,,,,,,,,,,,,,,FALSE
Sri Hindu Mandir Hamburg ev,Sri Hindu Mandir Hamburg e.V.,,,Eiffestraße 424,20537,Hamburg,"Eiffestraße 424, 20537, Hamburg, Germany",53.552242,10.045068,Hindu temple,,+49 40 24827158,,https://www.facebook.com/groups/284866318551211/,https://www.instagram.com/sri_hindu_mandir_hamburg?igsh=YjhyemM1eDkycW82,Monday,10 AM to 7 PM,Tuesday,10 AM to 7 PM,Wednesday,10 AM to 7 PM,Thursday,10 AM to 7 PM,Friday,10 AM to 7 PM,Saturday,10 AM to 7 PM,Sunday,10 AM to 7 PM,FALSE
Sri Jeyaveera Anjaneyar Temple,Sri Jeyaveera Anjaneyar Temple,,,Wilhelmstraße 35,44575,Castrop-Rauxel,"Wilhelmstraße 35, 44575, Castrop-Rauxel, Germany",51.555806,7.315373,Hindu temple,,+49 2305 998296,,,,Monday,Closed,Tuesday,Closed,Wednesday,Closed,Thursday,6 to 8 PM,Friday,Closed,Saturday,Closed,Sunday,9 AM to 4 PM,FALSE
Sri Kanakathurka Ampal Tempel e.V.,Sri Kanakathurka Ampal Tempel e.V.,,,Beckenkamp 7,58239,Schwerte,"Beckenkamp 7, 58239, Schwerte, Germany",51.437151,7.562252,Hindu temple,http://www.ampal-schwerte.de/,+49 2304 16721,,https://www.facebook.com/HinduTempelSchwerte,,Monday,5:45 PM to 7 PM,Tuesday,4:45 PM to 7:30 PM,Wednesday,5:45 PM to 7 PM,Thursday,5:45 PM to 7 PM,Friday,4:45 PM to 7:30 PM,Saturday,5:45 PM to 7 PM,Sunday,5:45 PM to 7 PM,FALSE
Sri Mahamariamman Tempel e.V.,Sri Mahamariamman Temple e.V.,,,Grubenstraße 41,66280,Sulzbach,"Grubenstraße 41, 66280, Sulzbach, Germany",49.31244,7.079469,Hindu temple,http://ammantempel.net/,+49 6897 81112,saar-amman@live.de,https://www.facebook.com/amman.saar/,,Monday,"9 AM to 11 AM, 6 PM to 8 PM",Tuesday,"9 AM to 11 AM, 6 PM to 8 PM",Wednesday,"9 AM to 11 AM, 6 PM to 8 PM",Thursday,"9 AM to 11 AM, 6 PM to 8 PM",Friday,"9 AM to 11 AM, 6 PM to 8 PM",Saturday,"9 AM to 11 AM, 6 PM to 8 PM",Sunday,"9 AM to 11 AM, 6 PM to 8 PM",FALSE
Sri Meenadchi Ambal Temple,Sri Meenadchi Ambal Temple,,,Sulzbacher Straße 56,71522,Backnang,"Sulzbacher Straße 56, 71522, Backnang, Germany",48.950042,9.43535,Hindu temple,https://srimeenadchiambal.com/en/,+49 7191 3731436,,,,Monday,Closed,Tuesday,6 PM to 9 PM,Wednesday,Closed,Thursday,Closed,Friday,6 PM to 9 PM,Saturday,Closed,Sunday,Closed,FALSE
Sri Muthumariamman Temple,Sri Muthumariamman Temple,,,Christian-Lassen-Straße 6,53117,Bonn,"Christian-Lassen-Straße 6, 53117, Bonn, Germany",50.751399,7.058378,Hindu temple,http://srimutthumariampal.de.tl/,+49 1515 4931427,,https://www.facebook.com/srimutthumariampal.alayam.5,,Monday,Closed,Tuesday,Closed,Wednesday,Closed,Thursday,Closed,Friday,7 PM to 9 PM,Saturday,Closed,Sunday,Closed,FALSE
Pforzheim Sri Naagapoosany Amman Aalayam,Sri Naagapoosany Amman Aalayam,,,Turnstraße 8a,75173,Pforzheim,"Turnstraße 8a, 75173, Pforzheim, Germany",48.889115,8.696268,Hindu temple,http://www.ammantempelpforzheim.de/,+49 7231 2818753,temple-pforzheim@hotmail.com,,,Monday,"10:30 AM to 1 PM, 5:30 PM to 8 PM",Tuesday,"10:30 AM to 1 PM, 5:30 PM to 8 PM",Wednesday,"10:30 AM to 1 PM, 5:30 PM to 8 PM",Thursday,"10:30 AM to 1 PM, 5:30 PM to 8 PM",Friday,"10:30 AM to 1 PM, 5:30 PM to 8 PM",Saturday,"10:30 AM to 1 PM, 5:30 PM to 8 PM",Sunday,"10:30 AM to 1 PM, 5:30 PM to 8 PM",FALSE
Sri Navasakthi Vinayagar Jüchen,Sri Navasakthi Vinayagar,,,Hochstraße 10A,41363,Jüchen,"Hochstraße 10A, 41363, Jüchen, Germany",51.101149,6.454046,Hindu temple,https://www.facebook.com/Sri-Navasakthi-Vinayagar-J%C3%BCchen-234587420311093/,+49 2164 7020944,vinayagarjuechen@googlemail.com,https://www.facebook.com/Sri-Navasakthi-Vinayagar-J%C3%BCchen-234587420311093/,,Monday,"11 AM to 1 PM, 6 PM to 7:30 PM",Tuesday,"11 AM to 1 PM, 6 PM to 7:30 PM",Wednesday,"11 AM to 1 PM, 6 PM to 7:30 PM",Thursday,"11 AM to 1 PM, 6 PM to 7:30 PM",Friday,"11 AM to 1 PM, 6 PM to 7:30 PM",Saturday,"11 AM to 1 PM, 6 PM to 7:30 PM",Sunday,"11 AM to 1 PM, 6 PM to 7:30 PM",FALSE
Sri Navasakthi Vinayagar Alayam Mönchengladbach,Sri Navasakthi Vinayagar Alayam,,,Klosterhofweg 94,41199,Mönchengladbach,"Klosterhofweg 94, 41199, Mönchengladbach, Germany",51.12075,6.45069,Hindu temple,https://www.hindutempel.de/,+49 2166 686789,,,,Monday,"10 AM to 2 PM, 6 PM to 8 PM",Tuesday,"10 AM to 2 PM, 6 PM to 8 PM",Wednesday,"10 AM to 2 PM, 6 PM to 8 PM",Thursday,"10 AM to 2 PM, 6 PM to 8 PM",Friday,"10 AM to 2 PM, 6 PM to 8 PM",Saturday,"10 AM to 2 PM, 6 PM to 8 PM",Sunday,"10 AM to 2 PM, 6 PM to 8 PM",FALSE
Sri Navathurgadevi Tempel e.V.,Sri Navathurgadevi Tempel e.V.,,,Hünefeldstraße 63B,42285,Barmen,"Hünefeldstraße 63B, 42285, Barmen, Germany",51.264502,7.1744,Hindu temple,https://hindutempel-wuppertal.de/,+49 202 4796017,kontakt@hindutempel-wuppertal.de,"https://www.facebook.com/SriNavathurgadeviTempel, https://www.facebook.com/AxiomThemes-505060569826537",https://www.instagram.com/axiom_themes,Monday,6 PM to 7 PM,Tuesday,5 PM to 7:30 PM,Wednesday,6 PM to 7 PM,Thursday,6 PM to 7 PM,Friday,5 PM to 7:30 PM,Saturday,6 PM to 7 PM,Sunday,6 PM to 7 PM,FALSE
Sri Raja Rajeswari Amman Temple,Sri Raja Rajeswari Amman Temple,,,Kopernikusplatz 7a,90459,Nuremberg,"Kopernikusplatz 7a, 90459, Nuremberg, Germany",49.439679,11.08151,Hindu temple,http://www.sriammantemple.com/,+49 1521 6752005,,,,Monday,5:30 PM to 8 PM,Tuesday,4:30 PM to 9 PM,Wednesday,5:30 PM to 8 PM,Thursday,5:30 PM to 8 PM,Friday,5:30 PM to 8 PM,Saturday,5:30 PM to 8 PM,Sunday,5:30 PM to 8 PM,FALSE
Sri Sellapillaiyar Ganesha Temple,Sri Sellapillaiyar Ganesha Temple,,,Eduard-Friederich-Straße 5,82256,Fürstenfeldbruck,"Eduard-Friederich-Straße 5, 82256, Fürstenfeldbruck, Germany",48.159806,11.222674,Hindu temple,http://sellapillaiyar-muenchen.de/,+49 8141 8908993,,,,Monday,6 PM to 7 PM,Tuesday,6 PM to 7 PM,Wednesday,6 PM to 7 PM,Thursday,6 PM to 7 PM,Friday,6 PM to 8 PM,Saturday,6 PM to 7 PM,Sunday,6 PM to 7 PM,FALSE
Sri Shankara Narayana Hindu Peedam,Sri Shankara Narayana Hindu Peedam,,,Saarbrückener Straße 252B,38116,Braunschweig,"Saarbrückener Straße 252B, 38116, Braunschweig, Germany",52.280196,10.487864,Hindu temple,http://www.hindu-tempel-braunschweig.de/,+49 160 96612153,kontakt@hindu-tempel-braunschweig.de,,https://www.instagram.com/hindu_tempel_braunschweig,Monday,5 PM to 7 PM,Tuesday,5 PM to 7 PM,Wednesday,5 PM to 7 PM,Thursday,5 PM to 7 PM,Friday,5 PM to 7 PM,Saturday,5 PM to 7 PM,Sunday,5 PM to 7 PM,FALSE
Sri Sithivinayagar Kovil Stuttgart e.V,Sri Sithivinayagar Kovil Stuttgart e.V.,,,Lehmfeldstraße 18,70374,Stuttgart,"Lehmfeldstraße 18, 70374, Stuttgart, Germany",48.820355,9.239953,Hindu temple,https://www.sri-sithivinayagar-kovil-ev.de/,+49 176 43442439,srisithivinayagarkovilev@gmail.com,https://www.facebook.com/people/Sri-Sithivinayagar-Kovil-Stuttgart/100011598367825/#,https://www.instagram.com/srisithivinayagarkovilev,Monday,5:30 PM to 8:30 PM,Tuesday,"10:30 AM to 1:30 PM, 5:30 PM to 8:30 PM",Wednesday,"10:30 AM to 1:30 PM, 5:30 PM to 8:30 PM",Thursday,"10:30 AM to 1:30 PM, 5:30 PM to 8:30 PM",Friday,"10:30 AM to 1:30 PM, 5:30 PM to 8:30 PM",Saturday,"10:30 AM to 1:30 PM, 5:30 PM to 8:30 PM",Sunday,"10:30 AM to 1:30 PM, 5:30 PM to 8:30 PM",FALSE
Sri Sithivinayagar Tempel Nürnberg,Sri Sithivinayagar Temple,,,Humboldtstraße 103,90459,Nuremberg,"Humboldtstraße 103, 90459, Nuremberg, Germany",49.43951,11.083178,Hindu temple,https://srisiththivinayagar.com/,+49 176 40440800,,,,Monday,6 PM to 8 PM,Tuesday,6 PM to 8 PM,Wednesday,6 PM to 8 PM,Thursday,6 PM to 8 PM,Friday,6 PM to 8 PM,Saturday,6 PM to 8 PM,Sunday,6 PM to 8 PM,FALSE
Sri Sithivinayagar Temple,Sri Sithivinayagar Temple,,,Ferdinand-Poggel-Straße 25,59065,Hamm,"Ferdinand-Poggel-Straße 25, 59065, Hamm, Germany",51.675012,7.811653,Hindu temple,,+49 2381 162686,,https://www.facebook.com/HammSriSithivinayagar/,instagram.com/srisithivinayagar_hamm?igsh=MTFhbDZtYWI1dnk4cQ%3D%3D,Monday,"9 AM to 12 PM, 5 PM to 8 PM",Tuesday,"9 AM to 12 PM, 5 PM to 8 PM",Wednesday,"9 AM to 12 PM, 5 PM to 8 PM",Thursday,"9 AM to 12 PM, 5 PM to 8 PM",Friday,"9 AM to 12 PM, 5 PM to 8 PM",Saturday,"9 AM to 12 PM, 5 PM to 8 PM",Sunday,"9 AM to 12 PM, 5 PM to 8 PM",FALSE
Sri Sitti Vinayagar Hindu Temple,Sri Sitti Vinayagar Hindu Temple,,,Waiblinger Straße 30,70372,Stuttgart,"Waiblinger Straße 30, 70372, Stuttgart, Germany",48.803945,9.221459,Hindu temple,https://www.ganapathytemple.de/,+49 711 4703047,,https://www.facebook.com/srisithivinayagar.tempelbadcannstatt,,Monday,7 PM to 9 PM,Tuesday,7 PM to 8:30 PM,Wednesday,7 PM to 9 PM,Thursday,7 PM to 9 PM,Friday,7 PM to 8:30 PM,Saturday,7 PM to 9 PM,Sunday,7 PM to 9 PM,FALSE
Sri Varasiththi Vinayakar Temple,Sri Varasiththi Vinayakar Temple,,,Ilse-Kaisen Straße 24,28327,Bremen,"Ilse-Kaisen Straße 24, 28327, Bremen, Germany",53.071651,8.924298,Hindu temple,https://www.bremen-sri-varasiththi-vinayakar.com/,+49 421 24796658,contact@bremen-sri-varasiththi-vinayakar.com,https://www.facebook.com/profile.php?id=100093094385875,https://instagram.com/varasithivinayakar,Monday,6 PM to 8 PM,Tuesday,6 PM to 8 PM,Wednesday,6 PM to 8 PM,Thursday,6 PM to 8 PM,Friday,6 PM to 8 PM,Saturday,6 PM to 8 PM,Sunday,6 PM to 8 PM,FALSE
Sri Venkateshwara Temple Stuttgart,Sri Venkateshwara Temple,,,Wankelstraße 4/A,71272,Renningen,"Wankelstraße 4/A, 71272, Renningen, Germany",48.780482,8.899912,Hindu temple,https://svtstuttgart.de/,+49 1525 5749792,"svtstuttgart@gmail.com, info@svtstuttgart.de",,https://www.instagram.com/svt_stuttgart,Monday,5 PM to 9 PM,Tuesday,5 PM to 9 PM,Wednesday,5 PM to 9 PM,Thursday,5 PM to 9 PM,Friday,5 PM to 9 PM,Saturday,5 PM to 9 PM,Sunday,5 PM to 9 PM,FALSE
Sri Venkateswara Perumal Devasthanam,Sri Venkateswara Perumal Devasthanam,,,Heessener Straße 134,59073,Hamm-Heessen,"Heessener Straße 134, 59073, Hamm-Heessen, Germany",51.69654,7.826858,Hindu temple,https://www.sri-venkateswara-perumal-tempel.de/,+49 2381 9583563,,https://www.facebook.com/Sri-Venkateswara-Perumal-Temple-eV-1750303355193325,,Monday,Closed,Tuesday,Closed,Wednesday,Closed,Thursday,Closed,Friday,Closed,Saturday,10 AM to 12 PM,Sunday,Closed,FALSE
Tamilengemeinde Krefeld e.V. - Hindutempel,Tamilengemeinde Krefeld e.V. Hindutempel,,,Elisabethstraße 103 -105,47799,Krefeld,"Elisabethstraße 103 -105, 47799, Krefeld, Germany",51.332665,6.571042,Hindu temple,,+49 2151 5650045,,,,Monday,5 PM to 6 PM,Tuesday,5 PM to 7 PM,Wednesday,5 PM to 6 PM,Thursday,5 PM to 6 PM,Friday,5 PM to 7 PM,Saturday,11 AM to 2 PM,Sunday,12 PM to 2 PM,FALSE
TB Connect GmbH,Tb Connect Gmbh,INVALID,,Arthur-Schnitzler-Straße 10 a,6886,Wittenberg,"Arthur-Schnitzler-Straße 10 a, 6886, Wittenberg, Germany",51.8882487,12.666118,Hindu temple,https://tbconnect.de/kontakt/,+49 3491 4323317,,,,,,,,,,,,,,,,,,FALSE
"Temple, AHKV Hindu Cultural Association e.V.",Ahkv Hindu Cultural Association e.V.,UNSURE,,Circus-Roncalli-Weg 11,51063,Mülheim,"Circus-Roncalli-Weg 11, 51063, Mülheim, Germany",50.980033,7.017693,Hindu temple,,+49 221 3404484,,,,Monday,10 AM to 6 PM,Tuesday,10 AM to 6 PM,Wednesday,10 AM to 6 PM,Thursday,10 AM to 6 PM,Friday,10 AM to 6 PM,Saturday,10 AM to 6 PM,Sunday,10 AM to 6 PM,FALSE
Thiru Nallur Sri Arumukan Velalakan Murukan Temple,Thiru Nallur Sri Arumukan Velalakan Murukan Temple,,,Roonstraße 2,59065,Hamm,"Roonstraße 2, 59065, Hamm, Germany",51.675496,7.812676,Hindu temple,https://www.facebook.com/Thiru-Nallur-Sri-Arumukan-Velalakan-Hamm-Germany-183209298367261/,+49 2381 29103,arumurugan@hotmail.de,https://www.facebook.com/Thiru-Nallur-Sri-Arumukan-Velalakan-Hamm-Germany-183209298367261/,,Monday,9 AM to 8 PM,Tuesday,9 AM to 8 PM,Wednesday,9 AM to 8 PM,Thursday,9 AM to 8 PM,Friday,9 AM to 8 PM,Saturday,9 AM to 8 PM,Sunday,9 AM to 8 PM,FALSE
TREEART BONSAI,Treeart Bonsai,INVALID,,Brunnenstraße 5,56828,Alflen,"Brunnenstraße 5, 56828, Alflen, Germany",50.1774832,7.0378698,Hindu temple,http://www.bonsaigestaltung.com/,+49 2678 910384,,https://www.facebook.com/joerg.derlien,https://www.instagram.com/jdbonsai,,,,,,,,,,,,,,,FALSE
Ubumwewuve Grande Hotel,Ubumwewuve Grande Hotel,INVALID,,Birkenallee 1e,49808,Lingen,"Birkenallee 1e, 49808, Lingen, Germany",52.5347151,7.3311808,Hindu temple,,+49 170 5478765,,,,Monday,Open 24 hours,Tuesday,Open 24 hours,Wednesday,Open 24 hours,Thursday,Open 24 hours,Friday,Open 24 hours,Saturday,Closed,Sunday,3:45 to 4:45 AM,FALSE
Vedic Cultural Association e.V.,Vedic Cultural Association e.V.,,,Forsthausweg 1,69483,Wald-Michelbach,"Forsthausweg 1, 69483, Wald-Michelbach, Germany",49.546728,8.804672,Hindu temple,https://www.harekrischna.de/,+49 178 8633740,ved.kulturverein@gmail.com,"https://www.facebook.com/bhaktistuttgart, https://www.facebook.com/Vedischer-Kulturverein-101239327891512",,Monday,8 AM to 1 PM,Tuesday,6:30 PM to 9 PM,Wednesday,"8 AM to 1 PM, 6:30 PM to 9 PM",Thursday,"8 AM to 1 PM, 6:30 PM to 9 PM",Friday,"8 AM to 1 PM, 6:30 PM to 9 PM",Saturday,"8 AM to 1 PM, 6:30 PM to 9 PM",Sunday,"8 AM to 1 PM, 6:30 PM to 9 PM",FALSE
Vedic culture - Hindu Temple,Vedic Culture Hindu Temple,,,Kreuzotterweg 2,70499,Weilimdorf,"Kreuzotterweg 2, 70499, Weilimdorf, Germany",48.801965,9.08675,Hindu temple,https://stuttgart-hindutemple.org/,+49 173 2109941,,,,Monday,Closed,Tuesday,Closed,Wednesday,Closed,Thursday,Closed,Friday,Closed,Saturday,Closed,Sunday,11 AM to 3 PM,FALSE
Vinayagar temple,Vinayagar Temple,,,Gottwaldstraße 23,45525,Hattingen,"Gottwaldstraße 23, 45525, Hattingen, Germany",51.400201,7.168355,Hindu temple,,+49 2324 27061,,https://www.facebook.com/pilaiyaarkovil.hattingen/,,Monday,Closed,Tuesday,6 PM to 7:55 PM,Wednesday,9 AM to 2 PM,Thursday,Closed,Friday,6 PM to 7:55 PM,Saturday,Closed,Sunday,Closed,FALSE
Vitthala Pandurenga Rukmini Mandir,Vitthala Pandurenga Rukmini Mandir,,a part of Bhakthi Marg,Am Geisberg 1-8,65321,Heidenrod,"Am Geisberg 1-8, 65321, Heidenrod, Germany",50.1446,7.992185,Hindu temple,https://www.bhaktimarga.org/,+49 61246091125,"rezeption@bmsvd.net, willkommen@bhaktimarga.de, registration@bhaktimarga.org","https://www.facebook.com/ShreePeethaNilaya, https://www.facebook.com/bhaktimargadeutschland","https://www.instagram.com/bhaktimarga_deutschland, https://www.instagram.com/srivitthaldham",Monday,"7:30 AM to 1 PM, 4 PM to 8 PM",Tuesday,"7:30 AM to 1 PM, 4 PM to 8 PM",Wednesday,"7:30 AM to 1 PM, 4 PM to 8 PM",Thursday,"7:30 AM to 1 PM, 4 PM to 8 PM",Friday,"7:30 AM to 1 PM, 4 PM to 8 PM",Saturday,"7:30 AM to 1 PM, 4 PM to 8 PM",Sunday,"7:30 AM to 1 PM, 4 PM to 8 PM",FALSE
Zentrum The White Horse,Zentrum The White Horse,,,Breiteweg 9,78359,Orsingen-Nenzingen,"Breiteweg 9, 78359, Orsingen-Nenzingen, Germany",47.84012,8.93365,Yoga retreat center,https://zentrum-thewhitehorse.de/,+49 7774 9397937,info@zentrum-thewhitehorse.de,https://www.facebook.com/ZentrumTheWhiteHorse,https://www.instagram.com/zentrumthewhitehorse,,,,,,,,,,,,,,,FALSE
Zweckverband Breitband Marsch und Geest,Zweckverband Breitband Marsch Und Geest,UNSURE,,Wedeler Ch 21,25492,Heist,"Wedeler Ch 21, 25492, Heist, Germany",53.6552379,9.6707714,Hindu temple,https://www.zbmg.de/kontakt/index.php,+49 4122 5023060,,,,,,,,,,,,,,,,,,FALSE
Каспер,Каспер,INVALID,,Adalbert-Stifter-Straße 4,71638,Ludwigsburg,"Adalbert-Stifter-Straße 4, 71638, Ludwigsburg, Germany",48.8788957,9.2182206,Hindu temple,https://www.irinakasper.de/contact.php,+49 1573 2277240,irina.kasper.1962@mail.ru,facebook.com/irina.kasper.3,,,,,,,,,,,,,,,,FALSE
